HOSTNAME,STATO,RESPONSABILE,SISTEMA OPERATIVO,DATA EOS
2CEACC10-F3E0-40A4-91AF-01DD45AB857F,CONFIGURATO,UNKNOWN,MICROSOFT WINDOWS 10 (64-BIT),2025-12-01 00:00:00
3D8DDCE0-8C91-4C51-B467-EEB3A8EC4D3C,CONFIGURATO,UNKNOWN,MICROSOFT WINDOWS 10 (64-BIT),2025-12-01 00:00:00
ALT-CARVM,OPERATIVO,UNKNOWN,MICROSOFT WINDOWS 10 (64-BIT),2025-12-01 00:00:00
ALT-GALASSIVM1,OPERATIVO,UNKNOWN,MICROSOFT WINDOWS 10 (64-BIT),2025-12-01 00:00:00
ANDCON10-V,CONFIGURATO,UNKNOWN,MICROSOFT WINDOWS 10 (64-BIT),2025-12-01 00:00:00
BULK_BIPOL_1,OPERATIVO,CAOps,MICROSOFT WINDOWS 10 (64-BIT),2025-12-01 00:00:00
BULK_BIPOL_2,OPERATIVO,CAOps,MICROSOFT WINDOWS 10 (64-BIT),2025-12-01 00:00:00
BULK_BIPOL_3,OPERATIVO,CAOps,MICROSOFT WINDOWS 10 (64-BIT),2025-12-01 00:00:00
BULK_BIPOL_4,OPERATIVO,CAOps,MICROSOFT WINDOWS 10 (64-BIT),2025-12-01 00:00:00
CAP-P-PI-VD-V01,OPERATIVO,UNKNOWN,MICROSOFT WINDOWS 10 (64-BIT),2025-12-01 00:00:00
CARCAP-V,OPERATIVO,UNKNOWN,MICROSOFT WINDOWS 10 (64-BIT),2025-12-01 00:00:00
CP-REPLICA-0014A59B-9D68-40C8-94BC-10E94318CF64,CONFIGURATO,UNKNOWN,MICROSOFT WINDOWS 10 (64-BIT),2025-12-01 00:00:00
CP-REPLICA-018E13A3-3819-472A-A2B7-4FF45EE6BE77,CONFIGURATO,UNKNOWN,MICROSOFT WINDOWS 10 (64-BIT),2025-12-01 00:00:00
CP-REPLICA-023B9DB8-52AC-4F51-B1E5-16AD268810A3,CONFIGURATO,UNKNOWN,MICROSOFT WINDOWS 10 (64-BIT),2025-12-01 00:00:00
CP-REPLICA-0448737C-7AEC-48CE-9AB5-181451E0DCE7,CONFIGURATO,UNKNOWN,MICROSOFT WINDOWS 10 (64-BIT),2025-12-01 00:00:00
CP-REPLICA-0590CBD4-6172-4258-965E-71174CADD909,CONFIGURATO,UNKNOWN,MICROSOFT WINDOWS 10 (64-BIT),2025-12-01 00:00:00
CP-REPLICA-18CC977E-022B-4D44-8DB4-ED23CE28052B,CONFIGURATO,UNKNOWN,MICROSOFT WINDOWS 10 (64-BIT),2025-12-01 00:00:00
CP-REPLICA-26F0A422-B5FA-48B3-8A5E-6D9E4E38EEE8,CONFIGURATO,UNKNOWN,MICROSOFT WINDOWS 10 (64-BIT),2025-12-01 00:00:00
CP-REPLICA-2845F6B4-78DC-4161-9363-56CCB66B0498,CONFIGURATO,UNKNOWN,MICROSOFT WINDOWS 10 (64-BIT),2025-12-01 00:00:00
CP-REPLICA-2CC670AE-6884-40ED-9865-A9234CFD7C28,CONFIGURATO,UNKNOWN,MICROSOFT WINDOWS 10 (64-BIT),2025-12-01 00:00:00
CP-REPLICA-3A8AD66B-897D-4875-AF72-CB789FC9EAD8,CONFIGURATO,UNKNOWN,MICROSOFT WINDOWS 10 (64-BIT),2025-12-01 00:00:00
CP-REPLICA-408981D7-CB06-40DB-B5F2-835712F47377,CONFIGURATO,UNKNOWN,MICROSOFT WINDOWS 10 (64-BIT),2025-12-01 00:00:00
CP-REPLICA-450C9300-F92F-430D-9DF5-E579DEF23726,CONFIGURATO,UNKNOWN,MICROSOFT WINDOWS 10 (64-BIT),2025-12-01 00:00:00
CP-REPLICA-484B4687-F76C-458B-B311-04C56DB52701,CONFIGURATO,UNKNOWN,MICROSOFT WINDOWS 10 (64-BIT),2025-12-01 00:00:00
CP-REPLICA-4B0D8B01-0173-4A6B-93FB-0BA2901775FB,CONFIGURATO,UNKNOWN,MICROSOFT WINDOWS 10 (64-BIT),2025-12-01 00:00:00
CP-REPLICA-5432E19F-509B-400E-BBDE-E1A9298A77E5,CONFIGURATO,UNKNOWN,MICROSOFT WINDOWS 10 (64-BIT),2025-12-01 00:00:00
CP-REPLICA-552F4CA4-5D61-4FE0-8345-22071B13E8B5,CONFIGURATO,UNKNOWN,MICROSOFT WINDOWS 10 (64-BIT),2025-12-01 00:00:00
CP-REPLICA-63BE7A33-35EE-42FE-9273-144CD8734E5C,CONFIGURATO,UNKNOWN,MICROSOFT WINDOWS 10 (64-BIT),2025-12-01 00:00:00
CP-REPLICA-73B9E32B-BF1A-4A12-B3B8-D48C6C7F2993,CONFIGURATO,UNKNOWN,MICROSOFT WINDOWS 10 (64-BIT),2025-12-01 00:00:00
CP-REPLICA-743B1D37-12AD-41B4-B3D5-50F4E93F8B90,CONFIGURATO,UNKNOWN,MICROSOFT WINDOWS 10 (64-BIT),2025-12-01 00:00:00
CP-REPLICA-767C5C89-0C15-44E2-805B-28B4598BE429,CONFIGURATO,UNKNOWN,MICROSOFT WINDOWS 10 (64-BIT),2025-12-01 00:00:00
CP-REPLICA-8748300F-B151-4F65-98C1-D94BAC0B9705,CONFIGURATO,UNKNOWN,MICROSOFT WINDOWS 10 (64-BIT),2025-12-01 00:00:00
CP-REPLICA-8A88112B-8157-4752-9D75-77185BB26F70,CONFIGURATO,UNKNOWN,MICROSOFT WINDOWS 10 (64-BIT),2025-12-01 00:00:00
CP-REPLICA-8D956A91-294A-4F86-96A1-C0E6A58E0F16,CONFIGURATO,UNKNOWN,MICROSOFT WINDOWS 10 (64-BIT),2025-12-01 00:00:00
CP-REPLICA-9FF36785-1BD3-4656-99E9-6EE3A7CBE70D,CONFIGURATO,UNKNOWN,MICROSOFT WINDOWS 10 (64-BIT),2025-12-01 00:00:00
CP-REPLICA-AF700545-8FA5-4D5E-AFF9-609D4A80B191,CONFIGURATO,UNKNOWN,MICROSOFT WINDOWS 10 (64-BIT),2025-12-01 00:00:00
CP-REPLICA-B7B1DE67-D50E-4CEC-9BD7-5610A66E5389,CONFIGURATO,UNKNOWN,MICROSOFT WINDOWS 10 (64-BIT),2025-12-01 00:00:00
CP-REPLICA-CC19807B-3FC2-4FB4-995B-8453AC8330CF,CONFIGURATO,UNKNOWN,MICROSOFT WINDOWS 10 (64-BIT),2025-12-01 00:00:00
CP-REPLICA-CD23401C-D591-4094-922F-B05BBE70B2E6,CONFIGURATO,UNKNOWN,MICROSOFT WINDOWS 10 (64-BIT),2025-12-01 00:00:00
CP-REPLICA-CEBC3157-2D0A-4433-9306-08739CB30041,CONFIGURATO,UNKNOWN,MICROSOFT WINDOWS 10 (64-BIT),2025-12-01 00:00:00
CP-REPLICA-D54BD98C-798B-4A21-AB6A-B1FB1B3C7FA9,CONFIGURATO,UNKNOWN,MICROSOFT WINDOWS 10 (64-BIT),2025-12-01 00:00:00
CP-REPLICA-DD0DA4FF-BEBF-4F1C-8E72-A5B90C105DB1,CONFIGURATO,UNKNOWN,MICROSOFT WINDOWS 10 (64-BIT),2025-12-01 00:00:00
CP-REPLICA-EB8BA512-3129-47FD-9795-69CA4CF8E50D,CONFIGURATO,UNKNOWN,MICROSOFT WINDOWS 10 (64-BIT),2025-12-01 00:00:00
CP-REPLICA-FB27C815-8F91-4599-9F6E-C987BB4C2331,CONFIGURATO,UNKNOWN,MICROSOFT WINDOWS 10 (64-BIT),2025-12-01 00:00:00
CP-REPLICA-FF9D10DD-1E7D-4249-8A63-A9DAE62E02A1,CONFIGURATO,UNKNOWN,MICROSOFT WINDOWS 10 (64-BIT),2025-12-01 00:00:00
CP-TEMPLATE-0B3FC863-C08B-4CC5-8E1D-13EC9B5A06D6,CONFIGURATO,UNKNOWN,MICROSOFT WINDOWS 10 (64-BIT),2025-12-01 00:00:00
CP-TEMPLATE-0EA7F3A7-BF14-4778-9F0E-E37791CB3E4D,CONFIGURATO,UNKNOWN,MICROSOFT WINDOWS 10 (64-BIT),2025-12-01 00:00:00
CP-TEMPLATE-16A01A0E-DE4A-4543-A5D4-297E76CC9046,CONFIGURATO,UNKNOWN,MICROSOFT WINDOWS 10 (64-BIT),2025-12-01 00:00:00
CP-TEMPLATE-3618CB14-FBCA-4CF4-A361-924188B32D97,CONFIGURATO,UNKNOWN,MICROSOFT WINDOWS 10 (64-BIT),2025-12-01 00:00:00
CP-TEMPLATE-43DCA7CD-70BD-4BC3-8BE9-6DB5255BE79D,CONFIGURATO,UNKNOWN,MICROSOFT WINDOWS 10 (64-BIT),2025-12-01 00:00:00
CP-TEMPLATE-49153AC8-F14C-478F-9C1B-758CDB207243,CONFIGURATO,UNKNOWN,MICROSOFT WINDOWS 10 (64-BIT),2025-12-01 00:00:00
CP-TEMPLATE-709FBE56-1CA5-42F0-9067-3B4BBF6C00BC,CONFIGURATO,UNKNOWN,MICROSOFT WINDOWS 10 (64-BIT),2025-12-01 00:00:00
CP-TEMPLATE-769D3FB5-1E0D-4D41-A8F3-49CBCDF9EAFB,CONFIGURATO,UNKNOWN,MICROSOFT WINDOWS 10 (64-BIT),2025-12-01 00:00:00
CP-TEMPLATE-78652995-F75F-45E3-9EEF-FA557714D790,CONFIGURATO,UNKNOWN,MICROSOFT WINDOWS 10 (64-BIT),2025-12-01 00:00:00
CP-TEMPLATE-B99D0202-EC0A-4BD4-8DA3-B012BEA1A2DA,CONFIGURATO,UNKNOWN,MICROSOFT WINDOWS 10 (64-BIT),2025-12-01 00:00:00
CP-TEMPLATE-D7A503FD-100C-4927-8FFC-DB9363F5EBD9,CONFIGURATO,UNKNOWN,MICROSOFT WINDOWS 10 (64-BIT),2025-12-01 00:00:00
CP-TEMPLATE-F91BD469-8DC6-4ECB-99A3-43B8F5B8FEC6,CONFIGURATO,UNKNOWN,MICROSOFT WINDOWS 10 (64-BIT),2025-12-01 00:00:00
DDM-P-VD-V01,OPERATIVO,UNKNOWN,MICROSOFT WINDOWS 10 (64-BIT),2025-12-01 00:00:00
DDM-P-VD-V02,OPERATIVO,UNKNOWN,MICROSOFT WINDOWS 10 (64-BIT),2025-12-01 00:00:00
DDM-P-VD-V03,OPERATIVO,UNKNOWN,MICROSOFT WINDOWS 10 (64-BIT),2025-12-01 00:00:00
DDM-P-VD-V04,OPERATIVO,UNKNOWN,MICROSOFT WINDOWS 10 (64-BIT),2025-12-01 00:00:00
DDM-P-VD-V05,OPERATIVO,UNKNOWN,MICROSOFT WINDOWS 10 (64-BIT),2025-12-01 00:00:00
DEV-RM-VD-001,OPERATIVO,UNKNOWN,MICROSOFT WINDOWS 10 (64-BIT),2025-12-01 00:00:00
DEV-RM-VD-002,OPERATIVO,UNKNOWN,MICROSOFT WINDOWS 10 (64-BIT),2025-12-01 00:00:00
DEV-RM-VD-003,OPERATIVO,UNKNOWN,MICROSOFT WINDOWS 10 (64-BIT),2025-12-01 00:00:00
ITSHARENAS02,CONFIGURATO,UNKNOWN,MICROSOFT WINDOWS 10 (64-BIT),2025-12-01 00:00:00
LOC-RM-VD-001,OPERATIVO,UNKNOWN,MICROSOFT WINDOWS 10 (64-BIT),2025-12-01 00:00:00
LOC-RM-VD-002,OPERATIVO,UNKNOWN,MICROSOFT WINDOWS 10 (64-BIT),2025-12-01 00:00:00
LOC-RM-VD-003,OPERATIVO,UNKNOWN,MICROSOFT WINDOWS 10 (64-BIT),2025-12-01 00:00:00
LOC-RM-VD-004,OPERATIVO,UNKNOWN,MICROSOFT WINDOWS 10 (64-BIT),2025-12-01 00:00:00
LOC-RM-VD-009,OPERATIVO,UNKNOWN,MICROSOFT WINDOWS 10 (64-BIT),2025-12-01 00:00:00
LOC-RM-VD-010,OPERATIVO,UNKNOWN,MICROSOFT WINDOWS 10 (64-BIT),2025-12-01 00:00:00
LOC-RM-VD-011,OPERATIVO,UNKNOWN,MICROSOFT WINDOWS 10 (64-BIT),2025-12-01 00:00:00
LOC-RM-VD-012,OPERATIVO,UNKNOWN,MICROSOFT WINDOWS 10 (64-BIT),2025-12-01 00:00:00
LOC-RM-VD-013,OPERATIVO,UNKNOWN,MICROSOFT WINDOWS 10 (64-BIT),2025-12-01 00:00:00
LOC-RM-VD-014,OPERATIVO,UNKNOWN,MICROSOFT WINDOWS 10 (64-BIT),2025-12-01 00:00:00
LOC-RM-VD-015,OPERATIVO,UNKNOWN,MICROSOFT WINDOWS 10 (64-BIT),2025-12-01 00:00:00
LOC-RM-VD-016,OPERATIVO,UNKNOWN,MICROSOFT WINDOWS 10 (64-BIT),2025-12-01 00:00:00
LOC-RM-VD-017,OPERATIVO,UNKNOWN,MICROSOFT WINDOWS 10 (64-BIT),2025-12-01 00:00:00
LOC-RM-VD-018,OPERATIVO,UNKNOWN,MICROSOFT WINDOWS 10 (64-BIT),2025-12-01 00:00:00
LOC-RM-VD-019,OPERATIVO,UNKNOWN,MICROSOFT WINDOWS 10 (64-BIT),2025-12-01 00:00:00
LOC-RM-VD-020,OPERATIVO,UNKNOWN,MICROSOFT WINDOWS 10 (64-BIT),2025-12-01 00:00:00
LOC-RM-VD-021,OPERATIVO,UNKNOWN,MICROSOFT WINDOWS 10 (64-BIT),2025-12-01 00:00:00
LOC-RM-VD-022,OPERATIVO,UNKNOWN,MICROSOFT WINDOWS 10 (64-BIT),2025-12-01 00:00:00
LOC-RM-VD-023,OPERATIVO,UNKNOWN,MICROSOFT WINDOWS 10 (64-BIT),2025-12-01 00:00:00
LOC-RM-VD-024,OPERATIVO,UNKNOWN,MICROSOFT WINDOWS 10 (64-BIT),2025-12-01 00:00:00
LOC-RM-VD-025,OPERATIVO,UNKNOWN,MICROSOFT WINDOWS 10 (64-BIT),2025-12-01 00:00:00
LOC-RM-VD-026,OPERATIVO,UNKNOWN,MICROSOFT WINDOWS 10 (64-BIT),2025-12-01 00:00:00
LOC-RM-VD-027,OPERATIVO,UNKNOWN,MICROSOFT WINDOWS 10 (64-BIT),2025-12-01 00:00:00
LOC-RM-VD-028,OPERATIVO,UNKNOWN,MICROSOFT WINDOWS 10 (64-BIT),2025-12-01 00:00:00
LOC-RM-VD-029,OPERATIVO,UNKNOWN,MICROSOFT WINDOWS 10 (64-BIT),2025-12-01 00:00:00
LOC-RM-VD-030,OPERATIVO,UNKNOWN,MICROSOFT WINDOWS 10 (64-BIT),2025-12-01 00:00:00
LOC-RM-VD-031,OPERATIVO,UNKNOWN,MICROSOFT WINDOWS 10 (64-BIT),2025-12-01 00:00:00
LOC-RM-VD-032,OPERATIVO,UNKNOWN,MICROSOFT WINDOWS 10 (64-BIT),2025-12-01 00:00:00
LOC-RM-VD-033,OPERATIVO,UNKNOWN,MICROSOFT WINDOWS 10 (64-BIT),2025-12-01 00:00:00
LOC-RM-VD-034,OPERATIVO,UNKNOWN,MICROSOFT WINDOWS 10 (64-BIT),2025-12-01 00:00:00
LOC-RM-VD-035,OPERATIVO,UNKNOWN,MICROSOFT WINDOWS 10 (64-BIT),2025-12-01 00:00:00
LOC-RM-VD-036,OPERATIVO,UNKNOWN,MICROSOFT WINDOWS 10 (64-BIT),2025-12-01 00:00:00
LOC-RM-VD-037,OPERATIVO,UNKNOWN,MICROSOFT WINDOWS 10 (64-BIT),2025-12-01 00:00:00
LOC-RM-VD-038,OPERATIVO,UNKNOWN,MICROSOFT WINDOWS 10 (64-BIT),2025-12-01 00:00:00
LOC-RM-VD-039,OPERATIVO,UNKNOWN,MICROSOFT WINDOWS 10 (64-BIT),2025-12-01 00:00:00
LOC-RM-VD-040,OPERATIVO,UNKNOWN,MICROSOFT WINDOWS 10 (64-BIT),2025-12-01 00:00:00
LOC-RM-VD-041,OPERATIVO,UNKNOWN,MICROSOFT WINDOWS 10 (64-BIT),2025-12-01 00:00:00
LOC-RM-VD-042,OPERATIVO,UNKNOWN,MICROSOFT WINDOWS 10 (64-BIT),2025-12-01 00:00:00
LOC-RM-VD-043,OPERATIVO,UNKNOWN,MICROSOFT WINDOWS 10 (64-BIT),2025-12-01 00:00:00
LOC-RM-VD-044,OPERATIVO,UNKNOWN,MICROSOFT WINDOWS 10 (64-BIT),2025-12-01 00:00:00
LOC-RM-VD-045,OPERATIVO,UNKNOWN,MICROSOFT WINDOWS 10 (64-BIT),2025-12-01 00:00:00
LOC-RM-VD-046,OPERATIVO,UNKNOWN,MICROSOFT WINDOWS 10 (64-BIT),2025-12-01 00:00:00
LOC-RM-VD-047,OPERATIVO,UNKNOWN,MICROSOFT WINDOWS 10 (64-BIT),2025-12-01 00:00:00
LOC-RM-VD-048,CONFIGURATO,UNKNOWN,MICROSOFT WINDOWS 10 (64-BIT),2025-12-01 00:00:00
LOC-RM-VD-049,CONFIGURATO,UNKNOWN,MICROSOFT WINDOWS 10 (64-BIT),2025-12-01 00:00:00
LOC-RM-VD-050,CONFIGURATO,UNKNOWN,MICROSOFT WINDOWS 10 (64-BIT),2025-12-01 00:00:00
LOC-RM-VD-051,CONFIGURATO,UNKNOWN,MICROSOFT WINDOWS 10 (64-BIT),2025-12-01 00:00:00
LOC-RM-VD-052,CONFIGURATO,UNKNOWN,MICROSOFT WINDOWS 10 (64-BIT),2025-12-01 00:00:00
LOC-RM-VD-053,CONFIGURATO,UNKNOWN,MICROSOFT WINDOWS 10 (64-BIT),2025-12-01 00:00:00
LOC-RM-VD-054,CONFIGURATO,UNKNOWN,MICROSOFT WINDOWS 10 (64-BIT),2025-12-01 00:00:00
LOC-RM-VD-055,CONFIGURATO,UNKNOWN,MICROSOFT WINDOWS 10 (64-BIT),2025-12-01 00:00:00
MASBRA10-V,OPERATIVO,UNKNOWN,MICROSOFT WINDOWS 10 (64-BIT),2025-12-01 00:00:00
MASTERVDI-SD,CONFIGURATO,UNKNOWN,MICROSOFT WINDOWS 10 (64-BIT),2025-12-01 00:00:00
MON_DBA_1-V,OPERATIVO,UNKNOWN,MICROSOFT WINDOWS 10 (64-BIT),2025-12-01 00:00:00
MON_DBA_2-V,OPERATIVO,UNKNOWN,MICROSOFT WINDOWS 10 (64-BIT),2025-12-01 00:00:00
MONINT-V,OPERATIVO,UNKNOWN,MICROSOFT WINDOWS 10 (64-BIT),2025-12-01 00:00:00
PBPOSTAW11,OPERATIVO,UNKNOWN,MICROSOFT WINDOWS 10 (64-BIT),2025-12-01 00:00:00
PFILEPROC02A,OPERATIVO,UNKNOWN,MICROSOFT WINDOWS 10 (64-BIT),2025-12-01 00:00:00
POCDS-AUTOCAD02,OPERATIVO,UNKNOWN,MICROSOFT WINDOWS 10 (64-BIT),2025-12-01 00:00:00
POCDS-LSMPX001,OPERATIVO,UNKNOWN,MICROSOFT WINDOWS 10 (64-BIT),2025-12-01 00:00:00
POCDS-P-BMS-V01,OPERATIVO,UNKNOWN,MICROSOFT WINDOWS 10 (64-BIT),2025-12-01 00:00:00
POCDS-REGIA-V05,OPERATIVO,UNKNOWN,MICROSOFT WINDOWS 10 (64-BIT),2025-12-01 00:00:00
PROVAMASTERSISTEMISTI,CONFIGURATO,UNKNOWN,MICROSOFT WINDOWS 10 (64-BIT),2025-12-01 00:00:00
PST-LOC-VD-005,OPERATIVO,UNKNOWN,MICROSOFT WINDOWS 10 (64-BIT),2025-12-01 00:00:00
PST-LOC-VD-006,OPERATIVO,UNKNOWN,MICROSOFT WINDOWS 10 (64-BIT),2025-12-01 00:00:00
PST-LOC-VD-007,OPERATIVO,UNKNOWN,MICROSOFT WINDOWS 10 (64-BIT),2025-12-01 00:00:00
PST-LOC-VD-008,OPERATIVO,UNKNOWN,MICROSOFT WINDOWS 10 (64-BIT),2025-12-01 00:00:00
PST-RM-VD-001,OPERATIVO,UNKNOWN,MICROSOFT WINDOWS 10 (64-BIT),2025-12-01 00:00:00
PST-RM-VD-002,OPERATIVO,UNKNOWN,MICROSOFT WINDOWS 10 (64-BIT),2025-12-01 00:00:00
PST-RM-VD-004,OPERATIVO,UNKNOWN,MICROSOFT WINDOWS 10 (64-BIT),2025-12-01 00:00:00
PST-RM-VD-005,OPERATIVO,UNKNOWN,MICROSOFT WINDOWS 10 (64-BIT),2025-12-01 00:00:00
PST-RM-VD-006,OPERATIVO,UNKNOWN,MICROSOFT WINDOWS 10 (64-BIT),2025-12-01 00:00:00
PST-RM-VD-007,OPERATIVO,UNKNOWN,MICROSOFT WINDOWS 10 (64-BIT),2025-12-01 00:00:00
PST-RM-VD-008,OPERATIVO,UNKNOWN,MICROSOFT WINDOWS 10 (64-BIT),2025-12-01 00:00:00
PST-RM-VD-009,OPERATIVO,UNKNOWN,MICROSOFT WINDOWS 10 (64-BIT),2025-12-01 00:00:00
PST-RM-VD-010,OPERATIVO,UNKNOWN,MICROSOFT WINDOWS 10 (64-BIT),2025-12-01 00:00:00
PST-RM-VD-011,OPERATIVO,UNKNOWN,MICROSOFT WINDOWS 10 (64-BIT),2025-12-01 00:00:00
PST-RM-VD-012,OPERATIVO,UNKNOWN,MICROSOFT WINDOWS 10 (64-BIT),2025-12-01 00:00:00
PST-RM-VD-013,OPERATIVO,UNKNOWN,MICROSOFT WINDOWS 10 (64-BIT),2025-12-01 00:00:00
PST-RM-VD-014,CONFIGURATO,UNKNOWN,MICROSOFT WINDOWS 10 (64-BIT),2025-12-01 00:00:00
PST-RM-VD-015,OPERATIVO,UNKNOWN,MICROSOFT WINDOWS 10 (64-BIT),2025-12-01 00:00:00
PST-RM-VD-016,OPERATIVO,UNKNOWN,MICROSOFT WINDOWS 10 (64-BIT),2025-12-01 00:00:00
PST-RM-VD-017,OPERATIVO,UNKNOWN,MICROSOFT WINDOWS 10 (64-BIT),2025-12-01 00:00:00
PST-RM-VD-018,OPERATIVO,UNKNOWN,MICROSOFT WINDOWS 10 (64-BIT),2025-12-01 00:00:00
PST-RM-VD-019,OPERATIVO,UNKNOWN,MICROSOFT WINDOWS 10 (64-BIT),2025-12-01 00:00:00
PST-RM-VD-020,OPERATIVO,UNKNOWN,MICROSOFT WINDOWS 10 (64-BIT),2025-12-01 00:00:00
PST-RM-VD-021,CONFIGURATO,UNKNOWN,MICROSOFT WINDOWS 10 (64-BIT),2025-12-01 00:00:00
PST-RM-VD-022,OPERATIVO,UNKNOWN,MICROSOFT WINDOWS 10 (64-BIT),2025-12-01 00:00:00
PST-RM-VD-023,OPERATIVO,UNKNOWN,MICROSOFT WINDOWS 10 (64-BIT),2025-12-01 00:00:00
PST-RM-VD-024,OPERATIVO,UNKNOWN,MICROSOFT WINDOWS 10 (64-BIT),2025-12-01 00:00:00
PST-RM-VD-025,OPERATIVO,UNKNOWN,MICROSOFT WINDOWS 10 (64-BIT),2025-12-01 00:00:00
PST-RM-VD-026,OPERATIVO,UNKNOWN,MICROSOFT WINDOWS 10 (64-BIT),2025-12-01 00:00:00
PST-RM-VD-027,OPERATIVO,UNKNOWN,MICROSOFT WINDOWS 10 (64-BIT),2025-12-01 00:00:00
PST-RM-VD-028,OPERATIVO,UNKNOWN,MICROSOFT WINDOWS 10 (64-BIT),2025-12-01 00:00:00
PST-RM-VD-029,OPERATIVO,UNKNOWN,MICROSOFT WINDOWS 10 (64-BIT),2025-12-01 00:00:00
PST-RM-VD-030,OPERATIVO,UNKNOWN,MICROSOFT WINDOWS 10 (64-BIT),2025-12-01 00:00:00
PST-RM-VD-031,OPERATIVO,UNKNOWN,MICROSOFT WINDOWS 10 (64-BIT),2025-12-01 00:00:00
PST-RM-VD-032,OPERATIVO,UNKNOWN,MICROSOFT WINDOWS 10 (64-BIT),2025-12-01 00:00:00
PST-RM-VD-033,OPERATIVO,UNKNOWN,MICROSOFT WINDOWS 10 (64-BIT),2025-12-01 00:00:00
PST-RM-VD-034,OPERATIVO,UNKNOWN,MICROSOFT WINDOWS 10 (64-BIT),2025-12-01 00:00:00
PST-RM-VD-035,OPERATIVO,UNKNOWN,MICROSOFT WINDOWS 10 (64-BIT),2025-12-01 00:00:00
PST-RM-VD-036,OPERATIVO,UNKNOWN,MICROSOFT WINDOWS 10 (64-BIT),2025-12-01 00:00:00
PST-RM-VD-037,OPERATIVO,UNKNOWN,MICROSOFT WINDOWS 10 (64-BIT),2025-12-01 00:00:00
PST-RM-VD-038,OPERATIVO,UNKNOWN,MICROSOFT WINDOWS 10 (64-BIT),2025-12-01 00:00:00
PST-RM-VD-039,OPERATIVO,UNKNOWN,MICROSOFT WINDOWS 10 (64-BIT),2025-12-01 00:00:00
PST-RM-VD-040,OPERATIVO,UNKNOWN,MICROSOFT WINDOWS 10 (64-BIT),2025-12-01 00:00:00
PST-RM-VD-041,OPERATIVO,UNKNOWN,MICROSOFT WINDOWS 10 (64-BIT),2025-12-01 00:00:00
PST-RM-VD-042,OPERATIVO,UNKNOWN,MICROSOFT WINDOWS 10 (64-BIT),2025-12-01 00:00:00
PST-RM-VD-043,OPERATIVO,UNKNOWN,MICROSOFT WINDOWS 10 (64-BIT),2025-12-01 00:00:00
PST-RM-VD-044,OPERATIVO,UNKNOWN,MICROSOFT WINDOWS 10 (64-BIT),2025-12-01 00:00:00
PST-RM-VD-045,OPERATIVO,UNKNOWN,MICROSOFT WINDOWS 10 (64-BIT),2025-12-01 00:00:00
PST-RM-VD-046,OPERATIVO,UNKNOWN,MICROSOFT WINDOWS 10 (64-BIT),2025-12-01 00:00:00
PST-RM-VD-047,OPERATIVO,UNKNOWN,MICROSOFT WINDOWS 10 (64-BIT),2025-12-01 00:00:00
PST-RM-VD-048,OPERATIVO,UNKNOWN,MICROSOFT WINDOWS 10 (64-BIT),2025-12-01 00:00:00
PST-RM-VD-049,OPERATIVO,UNKNOWN,MICROSOFT WINDOWS 10 (64-BIT),2025-12-01 00:00:00
PST-RM-VD-050,OPERATIVO,UNKNOWN,MICROSOFT WINDOWS 10 (64-BIT),2025-12-01 00:00:00
PST-RM-VD-051,OPERATIVO,UNKNOWN,MICROSOFT WINDOWS 10 (64-BIT),2025-12-01 00:00:00
PST-RM-VD-052,OPERATIVO,UNKNOWN,MICROSOFT WINDOWS 10 (64-BIT),2025-12-01 00:00:00
PST-RM-VD-053,OPERATIVO,UNKNOWN,MICROSOFT WINDOWS 10 (64-BIT),2025-12-01 00:00:00
PST-RM-VD-054,OPERATIVO,UNKNOWN,MICROSOFT WINDOWS 10 (64-BIT),2025-12-01 00:00:00
PST-RM-VD-055,OPERATIVO,UNKNOWN,MICROSOFT WINDOWS 10 (64-BIT),2025-12-01 00:00:00
PST-RM-VD-056,OPERATIVO,UNKNOWN,MICROSOFT WINDOWS 10 (64-BIT),2025-12-01 00:00:00
PST-RM-VD-057,CONFIGURATO,UNKNOWN,MICROSOFT WINDOWS 10 (64-BIT),2025-12-01 00:00:00
PST-RM-VD-058,OPERATIVO,UNKNOWN,MICROSOFT WINDOWS 10 (64-BIT),2025-12-01 00:00:00
PST-RM-VD-059,OPERATIVO,UNKNOWN,MICROSOFT WINDOWS 10 (64-BIT),2025-12-01 00:00:00
PST-RM-VD-060,OPERATIVO,UNKNOWN,MICROSOFT WINDOWS 10 (64-BIT),2025-12-01 00:00:00
PST-RM-VD-061,OPERATIVO,UNKNOWN,MICROSOFT WINDOWS 10 (64-BIT),2025-12-01 00:00:00
PST-RM-VD-062,OPERATIVO,UNKNOWN,MICROSOFT WINDOWS 10 (64-BIT),2025-12-01 00:00:00
PST-RM-VD-063,OPERATIVO,UNKNOWN,MICROSOFT WINDOWS 10 (64-BIT),2025-12-01 00:00:00
PST-RM-VD-064,OPERATIVO,UNKNOWN,MICROSOFT WINDOWS 10 (64-BIT),2025-12-01 00:00:00
PST-RM-VD-065,OPERATIVO,UNKNOWN,MICROSOFT WINDOWS 10 (64-BIT),2025-12-01 00:00:00
PST-RM-VD-066,OPERATIVO,UNKNOWN,MICROSOFT WINDOWS 10 (64-BIT),2025-12-01 00:00:00
PST-RM-VD-067,OPERATIVO,UNKNOWN,MICROSOFT WINDOWS 10 (64-BIT),2025-12-01 00:00:00
PST-RM-VD-068,OPERATIVO,UNKNOWN,MICROSOFT WINDOWS 10 (64-BIT),2025-12-01 00:00:00
PST-RM-VD-069,OPERATIVO,UNKNOWN,MICROSOFT WINDOWS 10 (64-BIT),2025-12-01 00:00:00
PST-RM-VD-070,OPERATIVO,UNKNOWN,MICROSOFT WINDOWS 10 (64-BIT),2025-12-01 00:00:00
PST-RM-VD-071,OPERATIVO,UNKNOWN,MICROSOFT WINDOWS 10 (64-BIT),2025-12-01 00:00:00
PST-RM-VD-072,OPERATIVO,UNKNOWN,MICROSOFT WINDOWS 10 (64-BIT),2025-12-01 00:00:00
PST-RM-VD-073,OPERATIVO,UNKNOWN,MICROSOFT WINDOWS 10 (64-BIT),2025-12-01 00:00:00
PST-RM-VD-074,OPERATIVO,UNKNOWN,MICROSOFT WINDOWS 10 (64-BIT),2025-12-01 00:00:00
PST-RM-VD-076,OPERATIVO,UNKNOWN,MICROSOFT WINDOWS 10 (64-BIT),2025-12-01 00:00:00
PST-RM-VD-077,OPERATIVO,UNKNOWN,MICROSOFT WINDOWS 10 (64-BIT),2025-12-01 00:00:00
PST-RM-VD-078,OPERATIVO,UNKNOWN,MICROSOFT WINDOWS 10 (64-BIT),2025-12-01 00:00:00
PST-RM-VD-079,OPERATIVO,UNKNOWN,MICROSOFT WINDOWS 10 (64-BIT),2025-12-01 00:00:00
PST-RM-VD-080,OPERATIVO,UNKNOWN,MICROSOFT WINDOWS 10 (64-BIT),2025-12-01 00:00:00
PST-RM-VD-081,OPERATIVO,UNKNOWN,MICROSOFT WINDOWS 10 (64-BIT),2025-12-01 00:00:00
PST-RM-VD-082,CONFIGURATO,UNKNOWN,MICROSOFT WINDOWS 10 (64-BIT),2025-12-01 00:00:00
PST-RM-VD-083,OPERATIVO,UNKNOWN,MICROSOFT WINDOWS 10 (64-BIT),2025-12-01 00:00:00
PST-RM-VD-084,OPERATIVO,UNKNOWN,MICROSOFT WINDOWS 10 (64-BIT),2025-12-01 00:00:00
PST-RM-VD-085,OPERATIVO,UNKNOWN,MICROSOFT WINDOWS 10 (64-BIT),2025-12-01 00:00:00
PST-RM-VD-086,OPERATIVO,UNKNOWN,MICROSOFT WINDOWS 10 (64-BIT),2025-12-01 00:00:00
PST-RM-VD-087,OPERATIVO,UNKNOWN,MICROSOFT WINDOWS 10 (64-BIT),2025-12-01 00:00:00
PST-RM-VD-089,OPERATIVO,UNKNOWN,MICROSOFT WINDOWS 10 (64-BIT),2025-12-01 00:00:00
PST-RM-VD-090,OPERATIVO,UNKNOWN,MICROSOFT WINDOWS 10 (64-BIT),2025-12-01 00:00:00
PST-RM-VD-091,OPERATIVO,UNKNOWN,MICROSOFT WINDOWS 10 (64-BIT),2025-12-01 00:00:00
PST-RM-VD-092,OPERATIVO,UNKNOWN,MICROSOFT WINDOWS 10 (64-BIT),2025-12-01 00:00:00
PST-RM-VD-093,CONFIGURATO,UNKNOWN,MICROSOFT WINDOWS 10 (64-BIT),2025-12-01 00:00:00
PST-RM-VD-094,OPERATIVO,UNKNOWN,MICROSOFT WINDOWS 10 (64-BIT),2025-12-01 00:00:00
PST-RM-VD-095,OPERATIVO,UNKNOWN,MICROSOFT WINDOWS 10 (64-BIT),2025-12-01 00:00:00
PST-RM-VD-096,OPERATIVO,UNKNOWN,MICROSOFT WINDOWS 10 (64-BIT),2025-12-01 00:00:00
PST-RM-VD-097,OPERATIVO,UNKNOWN,MICROSOFT WINDOWS 10 (64-BIT),2025-12-01 00:00:00
PST-RM-VD-098,OPERATIVO,UNKNOWN,MICROSOFT WINDOWS 10 (64-BIT),2025-12-01 00:00:00
PST-RM-VD-099,OPERATIVO,UNKNOWN,MICROSOFT WINDOWS 10 (64-BIT),2025-12-01 00:00:00
PST-RM-VD-100,OPERATIVO,UNKNOWN,MICROSOFT WINDOWS 10 (64-BIT),2025-12-01 00:00:00
PST-RM-VD-101,OPERATIVO,UNKNOWN,MICROSOFT WINDOWS 10 (64-BIT),2025-12-01 00:00:00
PST-RM-VD-102,OPERATIVO,UNKNOWN,MICROSOFT WINDOWS 10 (64-BIT),2025-12-01 00:00:00
PST-RM-VD-103,OPERATIVO,UNKNOWN,MICROSOFT WINDOWS 10 (64-BIT),2025-12-01 00:00:00
PST-RM-VD-104,OPERATIVO,UNKNOWN,MICROSOFT WINDOWS 10 (64-BIT),2025-12-01 00:00:00
PST-RM-VD-105,OPERATIVO,UNKNOWN,MICROSOFT WINDOWS 10 (64-BIT),2025-12-01 00:00:00
PST-RM-VD-106,OPERATIVO,UNKNOWN,MICROSOFT WINDOWS 10 (64-BIT),2025-12-01 00:00:00
PST-RM-VD-107,OPERATIVO,UNKNOWN,MICROSOFT WINDOWS 10 (64-BIT),2025-12-01 00:00:00
PST-RM-VD-108,OPERATIVO,UNKNOWN,MICROSOFT WINDOWS 10 (64-BIT),2025-12-01 00:00:00
PST-RM-VD-109,OPERATIVO,UNKNOWN,MICROSOFT WINDOWS 10 (64-BIT),2025-12-01 00:00:00
PST-RM-VD-110,OPERATIVO,UNKNOWN,MICROSOFT WINDOWS 10 (64-BIT),2025-12-01 00:00:00
PST-RM-VD-111,OPERATIVO,UNKNOWN,MICROSOFT WINDOWS 10 (64-BIT),2025-12-01 00:00:00
PST-RM-VD-112,OPERATIVO,UNKNOWN,MICROSOFT WINDOWS 10 (64-BIT),2025-12-01 00:00:00
PST-RM-VD-113,OPERATIVO,UNKNOWN,MICROSOFT WINDOWS 10 (64-BIT),2025-12-01 00:00:00
PST-RM-VD-114,OPERATIVO,UNKNOWN,MICROSOFT WINDOWS 10 (64-BIT),2025-12-01 00:00:00
PST-RM-VD-115,OPERATIVO,UNKNOWN,MICROSOFT WINDOWS 10 (64-BIT),2025-12-01 00:00:00
PST-RM-VD-116,OPERATIVO,UNKNOWN,MICROSOFT WINDOWS 10 (64-BIT),2025-12-01 00:00:00
PST-RM-VD-118,OPERATIVO,UNKNOWN,MICROSOFT WINDOWS 10 (64-BIT),2025-12-01 00:00:00
PST-RM-VD-119,OPERATIVO,UNKNOWN,MICROSOFT WINDOWS 10 (64-BIT),2025-12-01 00:00:00
PST-RM-VD-120,OPERATIVO,UNKNOWN,MICROSOFT WINDOWS 10 (64-BIT),2025-12-01 00:00:00
PST-RM-VD-121,OPERATIVO,UNKNOWN,MICROSOFT WINDOWS 10 (64-BIT),2025-12-01 00:00:00
PST-RM-VD-122,OPERATIVO,UNKNOWN,MICROSOFT WINDOWS 10 (64-BIT),2025-12-01 00:00:00
PST-RM-VD-123,OPERATIVO,UNKNOWN,MICROSOFT WINDOWS 10 (64-BIT),2025-12-01 00:00:00
PST-RM-VD-124,OPERATIVO,UNKNOWN,MICROSOFT WINDOWS 10 (64-BIT),2025-12-01 00:00:00
PST-RM-VD-125,OPERATIVO,UNKNOWN,MICROSOFT WINDOWS 10 (64-BIT),2025-12-01 00:00:00
PST-RM-VD-126,OPERATIVO,UNKNOWN,MICROSOFT WINDOWS 10 (64-BIT),2025-12-01 00:00:00
PST-RM-VD-128,OPERATIVO,UNKNOWN,MICROSOFT WINDOWS 10 (64-BIT),2025-12-01 00:00:00
PST-RM-VD-129,OPERATIVO,UNKNOWN,MICROSOFT WINDOWS 10 (64-BIT),2025-12-01 00:00:00
PST-RM-VD-130,OPERATIVO,UNKNOWN,MICROSOFT WINDOWS 10 (64-BIT),2025-12-01 00:00:00
PST-RM-VD-131,OPERATIVO,UNKNOWN,MICROSOFT WINDOWS 10 (64-BIT),2025-12-01 00:00:00
PST-RM-VD-132,OPERATIVO,UNKNOWN,MICROSOFT WINDOWS 10 (64-BIT),2025-12-01 00:00:00
PST-RM-VD-133,OPERATIVO,UNKNOWN,MICROSOFT WINDOWS 10 (64-BIT),2025-12-01 00:00:00
PST-RM-VD-134,OPERATIVO,UNKNOWN,MICROSOFT WINDOWS 10 (64-BIT),2025-12-01 00:00:00
PST-RM-VD-135,OPERATIVO,UNKNOWN,MICROSOFT WINDOWS 10 (64-BIT),2025-12-01 00:00:00
PST-RM-VD-136,OPERATIVO,UNKNOWN,MICROSOFT WINDOWS 10 (64-BIT),2025-12-01 00:00:00
PST-RM-VD-137,OPERATIVO,UNKNOWN,MICROSOFT WINDOWS 10 (64-BIT),2025-12-01 00:00:00
PST-RM-VD-138,OPERATIVO,UNKNOWN,MICROSOFT WINDOWS 10 (64-BIT),2025-12-01 00:00:00
PST-RM-VD-139,OPERATIVO,UNKNOWN,MICROSOFT WINDOWS 10 (64-BIT),2025-12-01 00:00:00
PST-RM-VD-140,OPERATIVO,UNKNOWN,MICROSOFT WINDOWS 10 (64-BIT),2025-12-01 00:00:00
PST-RM-VD-141,OPERATIVO,UNKNOWN,MICROSOFT WINDOWS 10 (64-BIT),2025-12-01 00:00:00
PST-RM-VD-142,OPERATIVO,UNKNOWN,MICROSOFT WINDOWS 10 (64-BIT),2025-12-01 00:00:00
PST-RM-VD-143,OPERATIVO,UNKNOWN,MICROSOFT WINDOWS 10 (64-BIT),2025-12-01 00:00:00
PST-RM-VD-144,CONFIGURATO,UNKNOWN,MICROSOFT WINDOWS 10 (64-BIT),2025-12-01 00:00:00
PST-RM-VD-145,OPERATIVO,UNKNOWN,MICROSOFT WINDOWS 10 (64-BIT),2025-12-01 00:00:00
PST-RM-VD-146,OPERATIVO,UNKNOWN,MICROSOFT WINDOWS 10 (64-BIT),2025-12-01 00:00:00
PST-RM-VD-147,CONFIGURATO,UNKNOWN,MICROSOFT WINDOWS 10 (64-BIT),2025-12-01 00:00:00
PST-RM-VD-148,OPERATIVO,UNKNOWN,MICROSOFT WINDOWS 10 (64-BIT),2025-12-01 00:00:00
PST-RM-VD-149,CONFIGURATO,UNKNOWN,MICROSOFT WINDOWS 10 (64-BIT),2025-12-01 00:00:00
PST-RM-VD-150,CONFIGURATO,UNKNOWN,MICROSOFT WINDOWS 10 (64-BIT),2025-12-01 00:00:00
PST-RM-VD-151,OPERATIVO,UNKNOWN,MICROSOFT WINDOWS 10 (64-BIT),2025-12-01 00:00:00
PST-RM-VD-152,CONFIGURATO,UNKNOWN,MICROSOFT WINDOWS 10 (64-BIT),2025-12-01 00:00:00
PST-RM-VD-153,OPERATIVO,UNKNOWN,MICROSOFT WINDOWS 10 (64-BIT),2025-12-01 00:00:00
PST-RM-VD-154,OPERATIVO,UNKNOWN,MICROSOFT WINDOWS 10 (64-BIT),2025-12-01 00:00:00
PST-RM-VD-155,OPERATIVO,UNKNOWN,MICROSOFT WINDOWS 10 (64-BIT),2025-12-01 00:00:00
PST-RM-VD-156,OPERATIVO,UNKNOWN,MICROSOFT WINDOWS 10 (64-BIT),2025-12-01 00:00:00
PST-RM-VD-157,OPERATIVO,UNKNOWN,MICROSOFT WINDOWS 10 (64-BIT),2025-12-01 00:00:00
PST-RM-VD-158,OPERATIVO,UNKNOWN,MICROSOFT WINDOWS 10 (64-BIT),2025-12-01 00:00:00
PST-RM-VD-159,OPERATIVO,UNKNOWN,MICROSOFT WINDOWS 10 (64-BIT),2025-12-01 00:00:00
PST-RM-VD-161,OPERATIVO,UNKNOWN,MICROSOFT WINDOWS 10 (64-BIT),2025-12-01 00:00:00
PST-RM-VD-162,OPERATIVO,UNKNOWN,MICROSOFT WINDOWS 10 (64-BIT),2025-12-01 00:00:00
PST-RM-VD-163,OPERATIVO,UNKNOWN,MICROSOFT WINDOWS 10 (64-BIT),2025-12-01 00:00:00
PST-RM-VD-164,OPERATIVO,UNKNOWN,MICROSOFT WINDOWS 10 (64-BIT),2025-12-01 00:00:00
PST-RM-VD-166,OPERATIVO,UNKNOWN,MICROSOFT WINDOWS 10 (64-BIT),2025-12-01 00:00:00
PST-RM-VD-167,OPERATIVO,UNKNOWN,MICROSOFT WINDOWS 10 (64-BIT),2025-12-01 00:00:00
PST-RM-VD-171,OPERATIVO,UNKNOWN,MICROSOFT WINDOWS 10 (64-BIT),2025-12-01 00:00:00
PST-RM-VD-173,OPERATIVO,UNKNOWN,MICROSOFT WINDOWS 10 (64-BIT),2025-12-01 00:00:00
PST-RM-VD-174,OPERATIVO,UNKNOWN,MICROSOFT WINDOWS 10 (64-BIT),2025-12-01 00:00:00
PST-RM-VD-175,OPERATIVO,UNKNOWN,MICROSOFT WINDOWS 10 (64-BIT),2025-12-01 00:00:00
PST-RM-VD-176,OPERATIVO,UNKNOWN,MICROSOFT WINDOWS 10 (64-BIT),2025-12-01 00:00:00
PST-RM-VD-177,OPERATIVO,UNKNOWN,MICROSOFT WINDOWS 10 (64-BIT),2025-12-01 00:00:00
PST-RM-VD-178,OPERATIVO,UNKNOWN,MICROSOFT WINDOWS 10 (64-BIT),2025-12-01 00:00:00
PST-RM-VD-179,OPERATIVO,UNKNOWN,MICROSOFT WINDOWS 10 (64-BIT),2025-12-01 00:00:00
PST-RM-VD-180,OPERATIVO,UNKNOWN,MICROSOFT WINDOWS 10 (64-BIT),2025-12-01 00:00:00
PST-RM-VD-181,OPERATIVO,UNKNOWN,MICROSOFT WINDOWS 10 (64-BIT),2025-12-01 00:00:00
PST-RM-VD-182,OPERATIVO,UNKNOWN,MICROSOFT WINDOWS 10 (64-BIT),2025-12-01 00:00:00
PST-RM-VD-183,OPERATIVO,UNKNOWN,MICROSOFT WINDOWS 10 (64-BIT),2025-12-01 00:00:00
PST-RM-VD-184,OPERATIVO,UNKNOWN,MICROSOFT WINDOWS 10 (64-BIT),2025-12-01 00:00:00
PST-RM-VD-185,OPERATIVO,UNKNOWN,MICROSOFT WINDOWS 10 (64-BIT),2025-12-01 00:00:00
PST-RM-VD-186,OPERATIVO,UNKNOWN,MICROSOFT WINDOWS 10 (64-BIT),2025-12-01 00:00:00
PST-RM-VD-187,OPERATIVO,UNKNOWN,MICROSOFT WINDOWS 10 (64-BIT),2025-12-01 00:00:00
PST-RM-VD-188,OPERATIVO,UNKNOWN,MICROSOFT WINDOWS 10 (64-BIT),2025-12-01 00:00:00
PST-RM-VD-189,OPERATIVO,UNKNOWN,MICROSOFT WINDOWS 10 (64-BIT),2025-12-01 00:00:00
PST-RM-VD-190,OPERATIVO,UNKNOWN,MICROSOFT WINDOWS 10 (64-BIT),2025-12-01 00:00:00
PST-RM-VD-191,OPERATIVO,UNKNOWN,MICROSOFT WINDOWS 10 (64-BIT),2025-12-01 00:00:00
PST-RM-VD-192,CONFIGURATO,UNKNOWN,MICROSOFT WINDOWS 10 (64-BIT),2025-12-01 00:00:00
PST-RM-VD-193,OPERATIVO,UNKNOWN,MICROSOFT WINDOWS 10 (64-BIT),2025-12-01 00:00:00
PST-RM-VD-194,OPERATIVO,UNKNOWN,MICROSOFT WINDOWS 10 (64-BIT),2025-12-01 00:00:00
PST-RM-VD-195,OPERATIVO,UNKNOWN,MICROSOFT WINDOWS 10 (64-BIT),2025-12-01 00:00:00
PST-RM-VD-206,OPERATIVO,UNKNOWN,MICROSOFT WINDOWS 10 (64-BIT),2025-12-01 00:00:00
PST-RM-VD-207,OPERATIVO,UNKNOWN,MICROSOFT WINDOWS 10 (64-BIT),2025-12-01 00:00:00
PST-RM-VD-208,OPERATIVO,UNKNOWN,MICROSOFT WINDOWS 10 (64-BIT),2025-12-01 00:00:00
PST-RM-VD-209,OPERATIVO,UNKNOWN,MICROSOFT WINDOWS 10 (64-BIT),2025-12-01 00:00:00
PST-RM-VD-210,OPERATIVO,UNKNOWN,MICROSOFT WINDOWS 10 (64-BIT),2025-12-01 00:00:00
PST-RM-VD-211,OPERATIVO,UNKNOWN,MICROSOFT WINDOWS 10 (64-BIT),2025-12-01 00:00:00
PST-RM-VD-212,OPERATIVO,UNKNOWN,MICROSOFT WINDOWS 10 (64-BIT),2025-12-01 00:00:00
PST-RM-VD-213,OPERATIVO,UNKNOWN,MICROSOFT WINDOWS 10 (64-BIT),2025-12-01 00:00:00
PST-RM-VD-214,OPERATIVO,UNKNOWN,MICROSOFT WINDOWS 10 (64-BIT),2025-12-01 00:00:00
PST-RM-VD-215,OPERATIVO,UNKNOWN,MICROSOFT WINDOWS 10 (64-BIT),2025-12-01 00:00:00
PST-RM-VD-216,OPERATIVO,UNKNOWN,MICROSOFT WINDOWS 10 (64-BIT),2025-12-01 00:00:00
PST-RM-VD-217,OPERATIVO,UNKNOWN,MICROSOFT WINDOWS 10 (64-BIT),2025-12-01 00:00:00
PST-RM-VD-218,OPERATIVO,UNKNOWN,MICROSOFT WINDOWS 10 (64-BIT),2025-12-01 00:00:00
PST-RM-VD-219,OPERATIVO,UNKNOWN,MICROSOFT WINDOWS 10 (64-BIT),2025-12-01 00:00:00
PST-RM-VD-221,OPERATIVO,UNKNOWN,MICROSOFT WINDOWS 10 (64-BIT),2025-12-01 00:00:00
PST-RM-VD-222,OPERATIVO,UNKNOWN,MICROSOFT WINDOWS 10 (64-BIT),2025-12-01 00:00:00
PST-RM-VD-223,OPERATIVO,UNKNOWN,MICROSOFT WINDOWS 10 (64-BIT),2025-12-01 00:00:00
PST-RM-VD-224,OPERATIVO,UNKNOWN,MICROSOFT WINDOWS 10 (64-BIT),2025-12-01 00:00:00
PST-RM-VD-225,OPERATIVO,UNKNOWN,MICROSOFT WINDOWS 10 (64-BIT),2025-12-01 00:00:00
PST-RM-VD-226,OPERATIVO,UNKNOWN,MICROSOFT WINDOWS 10 (64-BIT),2025-12-01 00:00:00
PST-RM-VD-227,OPERATIVO,UNKNOWN,MICROSOFT WINDOWS 10 (64-BIT),2025-12-01 00:00:00
PST-RM-VD-228,OPERATIVO,UNKNOWN,MICROSOFT WINDOWS 10 (64-BIT),2025-12-01 00:00:00
PST-RM-VD-229,OPERATIVO,UNKNOWN,MICROSOFT WINDOWS 10 (64-BIT),2025-12-01 00:00:00
RMPV-WAIMAS01,OPERATIVO,PV_TechnicalSupport,MICROSOFT WINDOWS 10 (64-BIT),2025-12-01 00:00:00
RMPV-WDEVRGI01,OPERATIVO,UNKNOWN,MICROSOFT WINDOWS 10 (64-BIT),2025-12-01 00:00:00
RMPV-WREPSAP01,OPERATIVO,UNKNOWN,MICROSOFT WINDOWS 10 (64-BIT),2025-12-01 00:00:00
RMPV-WREPSAP02,OPERATIVO,UNKNOWN,MICROSOFT WINDOWS 10 (64-BIT),2025-12-01 00:00:00
RMPV-WRPAGP21,OPERATIVO,PV_TechnicalSupport,MICROSOFT WINDOWS 10 (64-BIT),2025-12-01 00:00:00
RMPV-WRPAGP22,OPERATIVO,PV_TechnicalSupport,MICROSOFT WINDOWS 10 (64-BIT),2025-12-01 00:00:00
RMPV-WRPAGP23,OPERATIVO,PV_TechnicalSupport,MICROSOFT WINDOWS 10 (64-BIT),2025-12-01 00:00:00
RMPV-WRPAGP24,OPERATIVO,PV_TechnicalSupport,MICROSOFT WINDOWS 10 (64-BIT),2025-12-01 00:00:00
RMPV-WRPAGP25,OPERATIVO,PV_TechnicalSupport,MICROSOFT WINDOWS 10 (64-BIT),2025-12-01 00:00:00
RMPV-WSIBA01,OPERATIVO,UNKNOWN,MICROSOFT WINDOWS 10 (64-BIT),2025-12-01 00:00:00
RMPV-WWKSDR15,OPERATIVO,UNKNOWN,MICROSOFT WINDOWS 10 (64-BIT),2025-12-01 00:00:00
RMPV-WWKSDR16,OPERATIVO,UNKNOWN,MICROSOFT WINDOWS 10 (64-BIT),2025-12-01 00:00:00
RMPV-WWKSDR17,OPERATIVO,UNKNOWN,MICROSOFT WINDOWS 10 (64-BIT),2025-12-01 00:00:00
RMPV-WWKSDR18,OPERATIVO,UNKNOWN,MICROSOFT WINDOWS 10 (64-BIT),2025-12-01 00:00:00
RMPV-WWKSDR19,OPERATIVO,UNKNOWN,MICROSOFT WINDOWS 10 (64-BIT),2025-12-01 00:00:00
RMPV-WWKSIL01,OPERATIVO,UNKNOWN,MICROSOFT WINDOWS 10 (64-BIT),2025-12-01 00:00:00
RMPV-WWKSIL02,OPERATIVO,UNKNOWN,MICROSOFT WINDOWS 10 (64-BIT),2025-12-01 00:00:00
RMPV-WWKSIL03,OPERATIVO,UNKNOWN,MICROSOFT WINDOWS 10 (64-BIT),2025-12-01 00:00:00
RMPV-WWKSIL04,OPERATIVO,UNKNOWN,MICROSOFT WINDOWS 10 (64-BIT),2025-12-01 00:00:00
SAA_ALM_VM,OPERATIVO,UNKNOWN,MICROSOFT WINDOWS 10 (64-BIT),2025-12-01 00:00:00
SAA_ALM_VM_2,OPERATIVO,UNKNOWN,MICROSOFT WINDOWS 10 (64-BIT),2025-12-01 00:00:00
SAA_ALM_VM_3,OPERATIVO,UNKNOWN,MICROSOFT WINDOWS 10 (64-BIT),2025-12-01 00:00:00
SAA_ALM_VM_4,OPERATIVO,UNKNOWN,MICROSOFT WINDOWS 10 (64-BIT),2025-12-01 00:00:00
SAA_ALM_VM_5,OPERATIVO,UNKNOWN,MICROSOFT WINDOWS 10 (64-BIT),2025-12-01 00:00:00
SCCM-S-VDPOS-01,OPERATIVO,UNKNOWN,MICROSOFT WINDOWS 10 (64-BIT),2025-12-01 00:00:00
SCCM-S-VDPOS-02,OPERATIVO,UNKNOWN,MICROSOFT WINDOWS 10 (64-BIT),2025-12-01 00:00:00
SCPWIN10-V,CONFIGURATO,UNKNOWN,MICROSOFT WINDOWS 10 (64-BIT),2025-12-01 00:00:00
SERNOL10-V,OPERATIVO,UNKNOWN,MICROSOFT WINDOWS 10 (64-BIT),2025-12-01 00:00:00
SHARP-MAIN,OPERATIVO,UNKNOWN,MICROSOFT WINDOWS 10 (64-BIT),2025-12-01 00:00:00
SIMCEL10-V,OPERATIVO,UNKNOWN,MICROSOFT WINDOWS 10 (64-BIT),2025-12-01 00:00:00
STECAT10-V,CONFIGURATO,UNKNOWN,MICROSOFT WINDOWS 10 (64-BIT),2025-12-01 00:00:00
SVIL-RM-VD-009,OPERATIVO,UNKNOWN,MICROSOFT WINDOWS 10 (64-BIT),2025-12-01 00:00:00
SVIL-RM-VD-011,CONFIGURATO,UNKNOWN,MICROSOFT WINDOWS 10 (64-BIT),2025-12-01 00:00:00
SVIL-RM-VD-012,OPERATIVO,UNKNOWN,MICROSOFT WINDOWS 10 (64-BIT),2025-12-01 00:00:00
TEMPLATE_W10_22H2_ENT_ITA,CONFIGURATO,UNKNOWN,MICROSOFT WINDOWS 10 (64-BIT),2025-12-01 00:00:00
TEMPLATE-VDI-W10-ENT,CONFIGURATO,UNKNOWN,MICROSOFT WINDOWS 10 (64-BIT),2025-12-01 00:00:00
TEMPLATE-VD-WINDOWS11,OPERATIVO,UNKNOWN,MICROSOFT WINDOWS 10 (64-BIT),2025-12-01 00:00:00
TEMPLATE-WINDOWS-10-ENT,CONFIGURATO,UNKNOWN,MICROSOFT WINDOWS 10 (64-BIT),2025-12-01 00:00:00
TEMPLATE-WINDOWS-10-ENT-NEW,CONFIGURATO,UNKNOWN,MICROSOFT WINDOWS 10 (64-BIT),2025-12-01 00:00:00
TEST_NEW_ADS,CONFIGURATO,UNKNOWN,MICROSOFT WINDOWS 10 (64-BIT),2025-12-01 00:00:00
TNX1999C001,OPERATIVO,UNKNOWN,MICROSOFT WINDOWS 10 (64-BIT),2025-12-01 00:00:00
TPL_WIN10PRO64ITA_OEM,CONFIGURATO,UNKNOWN,MICROSOFT WINDOWS 10 (64-BIT),2025-12-01 00:00:00
TRM7856C003,CONFIGURATO,UNKNOWN,MICROSOFT WINDOWS 10 (64-BIT),2025-12-01 00:00:00
TRM7860C990,CONFIGURATO,UNKNOWN,MICROSOFT WINDOWS 10 (64-BIT),2025-12-01 00:00:00
TSX1999C001,OPERATIVO,UNKNOWN,MICROSOFT WINDOWS 10 (64-BIT),2025-12-01 00:00:00
UNX1999C001,OPERATIVO,UNKNOWN,MICROSOFT WINDOWS 10 (64-BIT),2025-12-01 00:00:00
URC1235C001,OPERATIVO,UNKNOWN,MICROSOFT WINDOWS 10 (64-BIT),2025-12-01 00:00:00
URM2L04C102,CONFIGURATO,UNKNOWN,MICROSOFT WINDOWS 10 (64-BIT),2025-12-01 00:00:00
USX1999C001,OPERATIVO,UNKNOWN,MICROSOFT WINDOWS 10 (64-BIT),2025-12-01 00:00:00
VD000W11,OPERATIVO,UNKNOWN,MICROSOFT WINDOWS 10 (64-BIT),2025-12-01 00:00:00
VD007000,OPERATIVO,UNKNOWN,MICROSOFT WINDOWS 10 (64-BIT),2025-12-01 00:00:00
VD007001,OPERATIVO,UNKNOWN,MICROSOFT WINDOWS 10 (64-BIT),2025-12-01 00:00:00
VD007002,OPERATIVO,UNKNOWN,MICROSOFT WINDOWS 10 (64-BIT),2025-12-01 00:00:00
VD007003,OPERATIVO,UNKNOWN,MICROSOFT WINDOWS 10 (64-BIT),2025-12-01 00:00:00
VD007004,OPERATIVO,UNKNOWN,MICROSOFT WINDOWS 10 (64-BIT),2025-12-01 00:00:00
VD007005,OPERATIVO,UNKNOWN,MICROSOFT WINDOWS 10 (64-BIT),2025-12-01 00:00:00
VD007006,OPERATIVO,UNKNOWN,MICROSOFT WINDOWS 10 (64-BIT),2025-12-01 00:00:00
VD007007,OPERATIVO,UNKNOWN,MICROSOFT WINDOWS 10 (64-BIT),2025-12-01 00:00:00
VD007008,OPERATIVO,UNKNOWN,MICROSOFT WINDOWS 10 (64-BIT),2025-12-01 00:00:00
VD007009,OPERATIVO,UNKNOWN,MICROSOFT WINDOWS 10 (64-BIT),2025-12-01 00:00:00
VD007010,OPERATIVO,UNKNOWN,MICROSOFT WINDOWS 10 (64-BIT),2025-12-01 00:00:00
VD007011,OPERATIVO,UNKNOWN,MICROSOFT WINDOWS 10 (64-BIT),2025-12-01 00:00:00
VD007012,OPERATIVO,UNKNOWN,MICROSOFT WINDOWS 10 (64-BIT),2025-12-01 00:00:00
VD007013,OPERATIVO,UNKNOWN,MICROSOFT WINDOWS 10 (64-BIT),2025-12-01 00:00:00
VD00-VRPXE-V01,CONFIGURATO,UNKNOWN,MICROSOFT WINDOWS 10 (64-BIT),2025-12-01 00:00:00
VDIDBPCL01V,OPERATIVO,UNKNOWN,MICROSOFT WINDOWS 10 (64-BIT),2025-12-01 00:00:00
VDIDEFENDERSHR,OPERATIVO,UNKNOWN,MICROSOFT WINDOWS 10 (64-BIT),2025-12-01 00:00:00
VDIMASTER10LENIN,CONFIGURATO,UNKNOWN,MICROSOFT WINDOWS 10 (64-BIT),2025-12-01 00:00:00
VDIMASTERADSDR,CONFIGURATO,UNKNOWN,MICROSOFT WINDOWS 10 (64-BIT),2025-12-01 00:00:00
VDIMASTERBPDR,CONFIGURATO,UNKNOWN,MICROSOFT WINDOWS 10 (64-BIT),2025-12-01 00:00:00
VDIMASTERDEL,CONFIGURATO,UNKNOWN,MICROSOFT WINDOWS 10 (64-BIT),2025-12-01 00:00:00
VDIMASTERITSP,CONFIGURATO,UNKNOWN,MICROSOFT WINDOWS 10 (64-BIT),2025-12-01 00:00:00
VDIMASTERNEXIVECERT,CONFIGURATO,UNKNOWN,MICROSOFT WINDOWS 10 (64-BIT),2025-12-01 00:00:00
VDIMASTERNEXIVECOLL,CONFIGURATO,UNKNOWN,MICROSOFT WINDOWS 10 (64-BIT),2025-12-01 00:00:00
VDIMASTERSCR_TEST,CONFIGURATO,UNKNOWN,MICROSOFT WINDOWS 10 (64-BIT),2025-12-01 00:00:00
VDIMASTERSDA,CONFIGURATO,UNKNOWN,MICROSOFT WINDOWS 10 (64-BIT),2025-12-01 00:00:00
VDIMASTERSECROOM,CONFIGURATO,UNKNOWN,MICROSOFT WINDOWS 10 (64-BIT),2025-12-01 00:00:00
VDIMSTADSLGPO,OPERATIVO,UNKNOWN,MICROSOFT WINDOWS 10 (64-BIT),2025-12-01 00:00:00
VDIMSTADSPLUS,OPERATIVO,UNKNOWN,MICROSOFT WINDOWS 10 (64-BIT),2025-12-01 00:00:00
VDIMSTADSPLUS_24_07_2024_CLON,CONFIGURATO,UNKNOWN,MICROSOFT WINDOWS 10 (64-BIT),2025-12-01 00:00:00
VDIMSTADSSCCM,CONFIGURATO,UNKNOWN,MICROSOFT WINDOWS 10 (64-BIT),2025-12-01 00:00:00
VDIMSTADSSCCM,OPERATIVO,UNKNOWN,MICROSOFT WINDOWS 10 (64-BIT),2025-12-01 00:00:00
VDIMSTADSSCCM_MIG,CONFIGURATO,UNKNOWN,MICROSOFT WINDOWS 10 (64-BIT),2025-12-01 00:00:00
VDIMSTADSSDA,OPERATIVO,UNKNOWN,MICROSOFT WINDOWS 10 (64-BIT),2025-12-01 00:00:00
VDIMSTADSSIST,OPERATIVO,UNKNOWN,MICROSOFT WINDOWS 10 (64-BIT),2025-12-01 00:00:00
VDIMSTADSVIP,CONFIGURATO,UNKNOWN,MICROSOFT WINDOWS 10 (64-BIT),2025-12-01 00:00:00
VDIMSTADSW10,CONFIGURATO,UNKNOWN,MICROSOFT WINDOWS 10 (64-BIT),2025-12-01 00:00:00
VDIMSTBASE01V,CONFIGURATO,UNKNOWN,MICROSOFT WINDOWS 10 (64-BIT),2025-12-01 00:00:00
VDIMSTBOLLA,OPERATIVO,UNKNOWN,MICROSOFT WINDOWS 10 (64-BIT),2025-12-01 00:00:00
VDIMSTCC01V,OPERATIVO,UNKNOWN,MICROSOFT WINDOWS 10 (64-BIT),2025-12-01 00:00:00
VDIMSTCC01V_OLD,CONFIGURATO,UNKNOWN,MICROSOFT WINDOWS 10 (64-BIT),2025-12-01 00:00:00
VDIMSTCC02V,OPERATIVO,UNKNOWN,MICROSOFT WINDOWS 10 (64-BIT),2025-12-01 00:00:00
VDIMSTCONTFACT,OPERATIVO,UNKNOWN,MICROSOFT WINDOWS 10 (64-BIT),2025-12-01 00:00:00
VDIMSTCS01V,OPERATIVO,UNKNOWN,MICROSOFT WINDOWS 10 (64-BIT),2025-12-01 00:00:00
VDIMSTFRBW10V,OPERATIVO,UNKNOWN,MICROSOFT WINDOWS 10 (64-BIT),2025-12-01 00:00:00
VDIMSTGUW10V,OPERATIVO,UNKNOWN,MICROSOFT WINDOWS 10 (64-BIT),2025-12-01 00:00:00
VDIMSTNEXIVE,CONFIGURATO,UNKNOWN,MICROSOFT WINDOWS 10 (64-BIT),2025-12-01 00:00:00
VDIMSTPCL02V,OPERATIVO,UNKNOWN,MICROSOFT WINDOWS 10 (64-BIT),2025-12-01 00:00:00
VDIMSTPCL2W10V,OPERATIVO,UNKNOWN,MICROSOFT WINDOWS 10 (64-BIT),2025-12-01 00:00:00
VDIMSTPE01V,OPERATIVO,UNKNOWN,MICROSOFT WINDOWS 10 (64-BIT),2025-12-01 00:00:00
VDIMSTSAP01V,CONFIGURATO,UNKNOWN,MICROSOFT WINDOWS 10 (64-BIT),2025-12-01 00:00:00
VDIMSTSBO01V,OPERATIVO,UNKNOWN,MICROSOFT WINDOWS 10 (64-BIT),2025-12-01 00:00:00
VDIMSTSCR_NEW,CONFIGURATO,UNKNOWN,MICROSOFT WINDOWS 10 (64-BIT),2025-12-01 00:00:00
VDIMSTSDA-TEMPLATE,CONFIGURATO,UNKNOWN,MICROSOFT WINDOWS 10 (64-BIT),2025-12-01 00:00:00
VDIMSTSDESK,OPERATIVO,UNKNOWN,MICROSOFT WINDOWS 10 (64-BIT),2025-12-01 00:00:00
VDIMSTSEC,CONFIGURATO,UNKNOWN,MICROSOFT WINDOWS 10 (64-BIT),2025-12-01 00:00:00
VDIMSTSYSTEM,OPERATIVO,UNKNOWN,MICROSOFT WINDOWS 10 (64-BIT),2025-12-01 00:00:00
VDIMSTTAIMG,OPERATIVO,UNKNOWN,MICROSOFT WINDOWS 10 (64-BIT),2025-12-01 00:00:00
VDIMSTVCD,CONFIGURATO,UNKNOWN,MICROSOFT WINDOWS 10 (64-BIT),2025-12-01 00:00:00
VDIMSTVCD01V,OPERATIVO,UNKNOWN,MICROSOFT WINDOWS 10 (64-BIT),2025-12-01 00:00:00
VDIMSTVCDW10,CONFIGURATO,UNKNOWN,MICROSOFT WINDOWS 10 (64-BIT),2025-12-01 00:00:00
VDIMSTVSINW10,CONFIGURATO,UNKNOWN,MICROSOFT WINDOWS 10 (64-BIT),2025-12-01 00:00:00
VDI-PROVVM,CONFIGURATO,UNKNOWN,MICROSOFT WINDOWS 10 (64-BIT),2025-12-01 00:00:00
VDI-PROVVM-B,CONFIGURATO,UNKNOWN,MICROSOFT WINDOWS 10 (64-BIT),2025-12-01 00:00:00
VDISHARECC,OPERATIVO,UNKNOWN,MICROSOFT WINDOWS 10 (64-BIT),2025-12-01 00:00:00
VDISYSTSDA,CONFIGURATO,UNKNOWN,MICROSOFT WINDOWS 10 (64-BIT),2025-12-01 00:00:00
VDITEMPLATENEXIVECOLLAUDO,CONFIGURATO,UNKNOWN,MICROSOFT WINDOWS 10 (64-BIT),2025-12-01 00:00:00
VDITESTDRRIN,CONFIGURATO,UNKNOWN,MICROSOFT WINDOWS 10 (64-BIT),2025-12-01 00:00:00
VDITESTUPSTAB,OPERATIVO,UNKNOWN,MICROSOFT WINDOWS 10 (64-BIT),2025-12-01 00:00:00
VDITSHARENEXIVE,OPERATIVO,UNKNOWN,MICROSOFT WINDOWS 10 (64-BIT),2025-12-01 00:00:00
VMMIGRAZIONEMEDIA,CONFIGURATO,UNKNOWN,MICROSOFT WINDOWS 10 (64-BIT),2025-12-01 00:00:00
VPN-AUTFIL5,OPERATIVO,UNKNOWN,MICROSOFT WINDOWS 10 (64-BIT),2025-12-01 00:00:00
WIN10_1803_ITSOC,CONFIGURATO,UNKNOWN,MICROSOFT WINDOWS 10 (64-BIT),2025-12-01 00:00:00
WIN10_MASTER_1809_AV,CONFIGURATO,UNKNOWN,MICROSOFT WINDOWS 10 (64-BIT),2025-12-01 00:00:00
WIN10_PRINTERPLC,OPERATIVO,UNKNOWN,MICROSOFT WINDOWS 10 (64-BIT),2025-12-01 00:00:00
WIN10-BS,CONFIGURATO,UNKNOWN,MICROSOFT WINDOWS 10 (64-BIT),2025-12-01 00:00:00
WIN10BZMDE,CONFIGURATO,UNKNOWN,MICROSOFT WINDOWS 10 (64-BIT),2025-12-01 00:00:00
WIN10-MASTER,CONFIGURATO,UNKNOWN,MICROSOFT WINDOWS 10 (64-BIT),2025-12-01 00:00:00
WIN10-PARENT01,CONFIGURATO,UNKNOWN,MICROSOFT WINDOWS 10 (64-BIT),2025-12-01 00:00:00
WINDOWS_10_1909,CONFIGURATO,UNKNOWN,MICROSOFT WINDOWS 10 (64-BIT),2025-12-01 00:00:00
WINDOWS10_1809_TEMPLATE,CONFIGURATO,UNKNOWN,MICROSOFT WINDOWS 10 (64-BIT),2025-12-01 00:00:00
